32.70,POSITIVE,Hello.,2025-03-19T02:51:43.894326
129.89,POSITIVE,Good day.,2025-03-19T02:51:44.051254
38.85,NEGATIVE,How are you,2025-03-19T02:51:44.112926
71.67,POSITIVE,Thank you,2025-03-19T02:51:44.214899
54.16,POSITIVE,Yes please,2025-03-19T02:51:44.292426
46.39,NEGATIVE,No thanks,2025-03-19T02:51:44.363425
43.04,NEGATIVE,Lets go,2025-03-19T02:51:44.428941
55.32,POSITIVE,See you soon,2025-03-19T02:51:44.510873
44.70,POSITIVE,Have a nice day,2025-03-19T02:51:44.579907
46.96,POSITIVE,Okay sounds good,2025-03-19T02:51:44.651954
55.53,POSITIVE,The movie was absolutely fantastic and I enjoyed every minute,2025-03-19T02:51:44.729672
66.18,POSITIVE,I am very happy with the service provided it exceeded my expectations,2025-03-19T02:51:44.821049
161.04,POSITIVE,The food was delicious and the staff were incredibly friendly and helpful,2025-03-19T02:51:45.015419
75.30,POSITIVE,This product is amazing I would highly recommend it to everyone,2025-03-19T02:51:45.112676
39.10,POSITIVE,Everything was perfect from start to finish a truly wonderful experience,2025-03-19T02:51:45.178565
34.02,POSITIVE,I am extremely satisfied with my purchase and would buy it again,2025-03-19T02:51:45.238657
33.23,POSITIVE,The quality is excellent and the price is very reasonable great value,2025-03-19T02:51:45.297530
39.41,POSITIVE,I had a fantastic time and will definitely be returning in the future,2025-03-19T02:51:45.362034
38.39,POSITIVE,The atmosphere was lovely and the overall experience was top notch,2025-03-19T02:51:45.421830
56.88,POSITIVE,I could not be happier with the outcome truly exceptional work,2025-03-19T02:51:45.504706
128.33,NEGATIVE,The movie was terrible and I regretted wasting my time watching it,2025-03-19T02:51:45.667573
71.08,NEGATIVE,I am very disappointed with the service it was far below my expectations,2025-03-19T02:51:45.764075
56.23,NEGATIVE,The food was awful and the staff were rude and unhelpful a terrible experience,2025-03-19T02:51:45.839752
20.07,NEGATIVE,This product is a complete waste of money do not buy it extremely poor quality,2025-03-19T02:51:45.884579
21.18,NEGATIVE,Everything was a disaster from beginning to end a truly awful and frustrating experience,2025-03-19T02:51:45.930035
23.35,NEGATIVE,I am extremely dissatisfied and will never purchase anything from this company again,2025-03-19T02:51:45.981822
32.00,NEGATIVE,The quality is terrible and the price is outrageous absolutely no value for money,2025-03-19T02:51:46.046146
44.26,NEGATIVE,I had a terrible time and would strongly advise everyone to avoid this place in the future,2025-03-19T02:51:46.115706
18.55,NEGATIVE,The atmosphere was unpleasant and the whole experience was incredibly disappointing,2025-03-19T02:51:46.158459
19.58,NEGATIVE,I could not be more unhappy with the result completely unacceptable and unprofessional work,2025-03-19T02:51:46.203836
18.30,NEGATIVE,While the plot was confusing the acting was superb but the ending made little sense What did you think,2025-03-19T02:51:46.244655
20.23,NEGATIVE,Although it started promisingly the second half of the book really let me down which is a shame,2025-03-19T02:51:46.286933
22.76,POSITIVE,Despite some initial flaws the product ultimately delivered on its promises surprisingly,2025-03-19T02:51:46.331027
29.45,POSITIVE,Even though it rained all day we still managed to have a good time can you believe it,2025-03-19T02:51:46.381914
23.14,POSITIVE,Considering the price the quality is acceptable but is it really worth the money in the long run,2025-03-19T02:51:46.427976
27.63,NEGATIVE,While I appreciate the effort the final result is simply not up to par unfortunately,2025-03-19T02:51:46.476567
17.41,NEGATIVE,Although I had high hopes the experience was ultimately underwhelming and forgettable sadly,2025-03-19T02:51:46.516055
77.70,NEGATIVE,Despite the positive reviews I found it to be quite mediocre and not particularly memorable to be honest,2025-03-19T02:51:46.618063
158.70,NEGATIVE,Even with the discounts I am not sure if it is a good deal what do you think about the value proposition,2025-03-19T02:51:46.809073
71.39,NEGATIVE,While some aspects were well done the overall impression was rather disappointing wouldnt you agree,2025-03-19T02:51:46.899195
58.75,POSITIVE,Container orchestration in Docker Swarm is essential for scalability,2025-03-19T02:51:46.984490
39.01,POSITIVE,Latency and throughput are key metrics for LLM inference performance,2025-03-19T02:51:47.042198
32.93,POSITIVE,Network topology significantly impacts distributed systems,2025-03-19T02:51:47.098854
24.34,NEGATIVE,Bash scripts can be used for IT automation,2025-03-19T02:51:47.142228
18.74,POSITIVE,Distributed topology involves remote sites,2025-03-19T02:51:47.185580
18.07,NEGATIVE,Mesh networks in Docker Swarm may have performance penalties,2025-03-19T02:51:47.226847
31.37,NEGATIVE,Large language model prompts can be complex,2025-03-19T02:51:47.292425
123.32,NEGATIVE,Poor Swarm performance can lead to lag,2025-03-19T02:51:47.441842
29.61,POSITIVE,LLMs explore latency throughput and cost,2025-03-19T02:51:47.494777
18.69,NEGATIVE,New bash scripts can be generated by LLMs,2025-03-19T02:51:47.537279
24.03,POSITIVE,The advancements in large language models have been truly remarkable in recent years Their ability to understand and generate human like text is transforming various industries and applications From natural language processing to content creation the potential is vast,2025-03-19T02:51:47.585459
24.93,POSITIVE,Despite the excitement there are also valid concerns regarding the ethical implications of increasingly powerful LLMs Issues such as bias in training data the potential for misuse and the societal impact of automation need careful consideration and responsible development practices,2025-03-19T02:51:47.631881
32.24,NEGATIVE,The performance of distributed systems is heavily influenced by network topology Choosing the right network structure is crucial for ensuring scalability reliability and efficient communication between components especially in demanding applications like distributed LLM inference,2025-03-19T02:51:47.687641
37.07,NEGATIVE,While Docker Swarm offers built in mesh networking for service discovery it is important to be aware of potential performance overhead associated with mesh topologies in certain scenarios Careful monitoring and performance testing are recommended to optimize Swarm deployments,2025-03-19T02:51:47.744886
238.07,POSITIVE,Timothee Lacroix CTO of Mistral discussed exploring the latency throughput and cost space for LLM inference highlighting the importance of optimizing these factors for practical LLM deployments Understanding these trade offs is crucial for real world applications,2025-03-19T02:51:48.004020
33.05,NEGATIVE,The newly created Docker Swarm cluster exhibited surprisingly poor performance with significant lag observed when interacting with the cluster management interface particularly through Portainer indicating potential architectural bottlenecks,2025-03-19T02:51:48.069596
39.79,NEGATIVE,Bash one liners and even more complex scripts can be effectively leveraged for various IT automation tasks and advanced large language models can even assist in generating these scripts for system reliability engineering and other domains,2025-03-19T02:51:48.131933
21.09,POSITIVE,In a distributed topology a common architecture involves deploying application components across multiple geographically dispersed remote sites enhancing resilience and proximity to end users,2025-03-19T02:51:48.172077
24.26,POSITIVE,Generating custom bash scripts using sophisticated 70B parameter LLMs integrated directly into the shell environment represents a cutting edge approach to automating and streamlining system administration and development workflows,2025-03-19T02:51:48.220803
41.42,POSITIVE,Understanding the intricate interplay between latency throughput and cost is paramount when deploying large language models for inference in production environments demanding careful optimization and resource management,2025-03-19T02:51:48.284268
16.88,NEGATIVE,Testing latency for repeated query,2025-03-19T02:51:48.321744
16.66,NEGATIVE,Another latency measurement for consistency check,2025-03-19T02:51:48.359199
17.68,NEGATIVE,Measuring latency under slightly different input,2025-03-19T02:51:48.400676
22.53,NEGATIVE,Latency test with input variation number ${i},2025-03-19T02:51:48.446493
16.71,NEGATIVE,Run ${i} of latency measurement series,2025-03-19T02:51:48.488218
37.50,NEGATIVE,This is a very long sentence designed to test the latency impact of input text length on the LLM inference service We are exploring how the length of the input affects the processing time and overall performance This paragraph is intentionally extended to simulate scenarios where the model needs to handle more substantial amounts of textual data for sentiment analysis We will analyze the latency measurements for these long inputs in comparison to shorter sentences to determine if there is a significant correlation between input length and inference time  Understanding this relationship is crucial for optimizing the service and predicting performance under varying workloads,2025-03-19T02:51:48.556109
16.65,NEGATIVE,This movie felt like the inside of my head,2025-03-19T02:51:48.592924
36.14,NEGATIVE,Bad cheesy acting dumb ending,2025-03-19T02:51:48.653677
18.37,NEGATIVE,Plot is interesting but its not even worth a watch,2025-03-19T02:51:48.699291
20.36,NEGATIVE,It was so terribly made,2025-03-19T02:51:48.745049
19.46,NEGATIVE,Nothing is explained,2025-03-19T02:51:48.789729
22.56,NEGATIVE,The whole journey is pointless,2025-03-19T02:51:48.836055
23.45,POSITIVE,Never seen anyone miss the point so bad,2025-03-19T02:51:48.884094
23.44,NEGATIVE,It was almost admirable how bad they missed it,2025-03-19T02:51:48.931326
207.07,POSITIVE,A movie that has terrible reviews but you enjoy anyway,2025-03-19T02:51:49.172714
85.62,NEGATIVE,What popular film do you think is a complete waste of time,2025-03-19T02:51:49.287122
24.02,NEGATIVE,A movie so terrible you would never waste your time again,2025-03-19T02:51:49.333060
23.31,NEGATIVE,What movie do you think is horrible and overrated,2025-03-19T02:51:49.381185
25.47,NEGATIVE,When I love a movie so much and see negative reviews,2025-03-19T02:51:49.431678
22.97,NEGATIVE,I stop liking it,2025-03-19T02:51:49.476547
18.56,NEGATIVE,Start to feel as if its mediocre,2025-03-19T02:51:49.517424
17.60,NEGATIVE,How do I stop this,2025-03-19T02:51:49.562411
25.89,NEGATIVE,What puts you in a terrible mood,2025-03-19T02:51:49.615192
21.22,NEGATIVE,Its something as non essential,2025-03-19T02:51:49.670045
34.15,NEGATIVE,Actually a horrible explanation,2025-03-19T02:51:49.729029
18.14,NEGATIVE,Felt like the inside of my head,2025-03-19T02:51:49.771674
33.90,NEGATIVE,World of non stop news most of it bad,2025-03-19T02:51:49.830560
98.79,NEGATIVE,How is a person like me,2025-03-19T02:51:49.968817
26.80,NEGATIVE,Trouble understanding everything,2025-03-19T02:51:50.020924
16.47,NEGATIVE,Bad acting,2025-03-19T02:51:50.069063
23.43,NEGATIVE,Dumb ending,2025-03-19T02:51:50.120281
164.34,NEGATIVE,Terribly made,2025-03-19T02:51:50.314629
81.19,NEGATIVE,Not even worth a watch,2025-03-19T02:51:50.420986
46.37,NEGATIVE,Nothing explained,2025-03-19T02:51:50.489310
16.01,NEGATIVE,Pointless journey,2025-03-19T02:51:50.529503
16.76,NEGATIVE,Missed the point so bad,2025-03-19T02:51:50.573146
16.99,NEGATIVE,Almost admirable how bad,2025-03-19T02:51:50.616478
23.99,POSITIVE,Terrible reviews but you enjoy anyway,2025-03-19T02:51:50.665866
16.89,POSITIVE,I absolutely promise not to waste your time,2025-03-19T02:51:50.707945
16.65,POSITIVE,Piece them together with commentary,2025-03-19T02:51:50.749736
19.62,POSITIVE,Make my full reviews here on Medium,2025-03-19T02:51:50.795438
21.33,NEGATIVE,Before they go anywhere else,2025-03-19T02:51:50.838048
23.62,POSITIVE,Enjoyed every minute,2025-03-19T02:51:50.883793
40.93,POSITIVE,Exceeded my expectations,2025-03-19T02:51:50.948612
23.49,POSITIVE,Incredibly friendly and helpful staff,2025-03-19T02:51:50.996878
46.60,POSITIVE,Highly recommend it to everyone,2025-03-19T02:51:51.064817
29.98,POSITIVE,Truly wonderful experience,2025-03-19T02:51:51.114601
25.12,POSITIVE,Extremely satisfied with my purchase,2025-03-19T02:51:51.158578
28.94,POSITIVE,Great value for money,2025-03-19T02:51:51.209510
23.98,POSITIVE,Definitely be returning,2025-03-19T02:51:51.254273
27.82,POSITIVE,Top notch overall experience,2025-03-19T02:51:51.305354
71.44,POSITIVE,Truly exceptional work,2025-03-19T02:51:51.397792
15.04,NEGATIVE,Regretted wasting my time watching it,2025-03-19T02:51:51.443574
16.90,POSITIVE,Far below my expectations,2025-03-19T02:51:51.488461
29.80,NEGATIVE,Awful food rude staff,2025-03-19T02:51:51.542688
78.97,NEGATIVE,Terrible experience all around,2025-03-19T02:51:51.644578
16.02,NEGATIVE,Complete waste of money,2025-03-19T02:51:51.691603
16.47,NEGATIVE,Do not buy it,2025-03-19T02:51:51.731359
16.02,NEGATIVE,Extremely poor quality,2025-03-19T02:51:51.773669
37.30,NEGATIVE,Disaster from beginning to end,2025-03-19T02:51:51.837874
135.87,NEGATIVE,Awful and frustrating,2025-03-19T02:51:52.010067
58.45,NEGATIVE,Extremely dissatisfied,2025-03-19T02:51:52.094978
24.35,NEGATIVE,Never purchase again,2025-03-19T02:51:52.139914
22.62,NEGATIVE,Terrible quality outrageous price,2025-03-19T02:51:52.185546
32.14,NEGATIVE,No value for money,2025-03-19T02:51:52.241692
15.72,NEGATIVE,Strongly advise everyone to avoid,2025-03-19T02:51:52.279182
26.72,NEGATIVE,Unpleasant atmosphere,2025-03-19T02:51:52.362208
16.53,NEGATIVE,Incredibly disappointing experience,2025-03-19T02:51:52.402168
15.44,NEGATIVE,Completely unacceptable work,2025-03-19T02:51:52.444149
17.55,NEGATIVE,Unprofessional result,2025-03-19T02:51:52.486442
17.94,NEGATIVE,While the visuals were stunning the story just didnt grab me at all,2025-03-19T02:51:52.530345
27.78,NEGATIVE,I wanted to love this film but it ended up being quite a letdown in the end,2025-03-19T02:51:52.583609
17.55,NEGATIVE,Despite the hype I found it to be rather mediocre and forgettable to be honest,2025-03-19T02:51:52.627636
19.70,NEGATIVE,The plot was all over the place and the characters felt very underdeveloped,2025-03-19T02:51:52.670691
19.28,NEGATIVE,I went in with high expectations but left feeling utterly disappointed and bored,2025-03-19T02:51:52.713074
21.76,NEGATIVE,Honestly I struggled to stay awake through most of it it was that dull,2025-03-19T02:51:52.760804
16.97,NEGATIVE,The acting was wooden and the dialogue was incredibly cliched and predictable,2025-03-19T02:51:52.802295
18.91,NEGATIVE,I wouldnt recommend this movie to anyone unless you are looking for something to put you to sleep,2025-03-19T02:51:52.846695
17.59,NEGATIVE,A complete waste of time and money I wish I had chosen to watch something else,2025-03-19T02:51:52.889135
21.55,POSITIVE,If you are considering watching this just dont You will thank me later for saving you the trouble,2025-03-19T02:51:52.936031
19.61,NEGATIVE,It had its moments but overall it was just okay nothing special,2025-03-19T02:51:52.976367
21.94,NEGATIVE,Parts of it were good but other parts were quite confusing and dragged on,2025-03-19T02:51:53.021463
26.15,NEGATIVE,I can see why some people liked it but it wasnt really my cup of tea,2025-03-19T02:51:53.071506
16.13,NEGATIVE,Its not the worst movie Ive seen but definitely not the best either somewhere in the middle,2025-03-19T02:51:53.118123
17.38,NEGATIVE,There were some interesting ideas but the execution was lacking and inconsistent,2025-03-19T02:51:53.156842
17.47,NEGATIVE,It had potential but it didnt quite live up to it which is a shame,2025-03-19T02:51:53.194970
17.27,POSITIVE,Its a mixed bag some good aspects some not so good ultimately average,2025-03-19T02:51:53.239096
69.59,POSITIVE,Not terrible but not great either just a very okay movie if you have nothing else to watch,2025-03-19T02:51:53.339582
22.40,NEGATIVE,Its watchable but dont expect to be blown away or remember it for very long,2025-03-19T02:51:53.389898
20.32,NEGATIVE,If you are really bored maybe give it a try otherwise you are not missing much really,2025-03-19T02:51:53.430643
58.68,NEGATIVE,The movie just left me feeling empty you know,2025-03-19T02:51:53.510984
42.10,NEGATIVE,Honestly I was expecting so much more from this film,2025-03-19T02:51:53.581556
146.35,NEGATIVE,What a waste of a perfectly good evening seriously,2025-03-19T02:51:53.762767
69.91,NEGATIVE,I am still trying to figure out what the point of this movie even was,2025-03-19T02:51:53.854789
22.75,NEGATIVE,If I could get those two hours of my life back I would in a heartbeat,2025-03-19T02:51:53.898998
20.31,NEGATIVE,Seriously dont believe the hype its really not worth it trust me,2025-03-19T02:51:53.944667
32.01,NEGATIVE,I am actually kind of annoyed that I spent money on this to be honest,2025-03-19T02:51:54.002707
25.00,NEGATIVE,They really dropped the ball with this one what a disappointment truly,2025-03-19T02:51:54.053488
25.96,NEGATIVE,My expectations were low and somehow it still managed to disappoint me impressive,2025-03-19T02:51:54.103185
33.22,NEGATIVE,I am not even sure how this movie got made it was just so bad on so many levels wow,2025-03-19T02:51:54.160194
